title,publishTime,category,intro,maxFreeChapter,newRating,free,price,cover
思辨与立场：生活中无处不在的批判性思维工具,2016-09-01 00:00:00,哲学宗教-思维科学,风靡全美的思维方法、国际公认的批判性思维权威大师的抗鼎之作，带给你对人类思维最深刻的洞察和最佳思考。变化的世界需要批判式思维，未知的世界需要审辩式思维，复杂的世界需要审慎式思维。强大的理性思维工具，能够助你提升思维的品质，理清自我，洞悉他人，看透世界！心灵的3个基本功能 ·思维的功能是产生意义 ·情感的功能是监控或评估思维所能产生的意义 ·欲求的功能是激活能量以发起行动，并与我们所认定的渴求保持一致批判性思维者的6个成长层级 ·无思维反思意识者 ·有思维反思意识者 ·起点上的思维提升者 ·行进中的思维提升者 ·有所成的思考者 ·集大成的思考者成功思考者的6个特质 ·优秀的思考者总是在思考他们的思维过程 ·优秀的思考者都有明确的目标 ·优秀的思考者使用一些思维“工具”来提升他们思维的质量 ·优秀的思考者能够将他们的思维与感受、需求相分离 ·优秀的思考者常常分解、剖析事情 ·优秀的思考者经常评估自己的思维方式,41,817,0,45,https://wfqqreader-1252317822.image.myqcloud.com/cover/571/29636571/s_29636571.jpg
如何高效学习：1年完成麻省理工4年33门课程的整体性学习法,2014-01-01 00:00:00,哲学宗教-思维科学,一位因为快速学习而成名的神奇小子，他应用自己发明的学习方法，完成了10天搞定线性代数，1年学习4年MIT课程的“不可能任务”。本书就是对他学习方法的全面介绍，其中包括整体性学习策略的核心思想和具体技术，详细介绍了快速阅读法、流笔记法、比喻法、内在化等七大方法，并为高效学习提供了从生活到时间管理的整体解决方案。跟随作者，你也将成为高效学习的超级学霸。,8,682,0,16,https://wfqqreader-1252317822.image.myqcloud.com/cover/926/573926/s_573926.jpg
有限与无限的游戏：一个哲学家眼中的竞技世界,2019-05-01 00:00:00,哲学宗教-思维科学,在这本书中，卡斯向我们展示了生活中两种类型的「游戏」：「有限的游戏」和「无限的游戏」。有限的游戏，其目的在于赢得胜利；无限的游戏，却旨在让游戏永远进行下去。有限的游戏在边界内玩，无限的游戏玩的就是边界。有限的游戏具有一个确定的开始和结束，拥有特定的赢家，规则的存在就是为了保证游戏会结束。无限的游戏主张「为了游戏而游戏」，在这里，规则要保证游戏的无限性，所以规则是可变的。最恰当的例子也许就是「人生」。,5,862,0,34,https://weread-1258476243.file.myqcloud.com/weread/cover/94/3300014694/s_3300014694.jpg
批判性思维（原书第10版）,2015-01-01 00:00:00,哲学宗教-思维科学,"本书是美国最为畅销的大学教材，连续10次再版，语言通俗、生动，直观地阐述了批判性思维、正确推理和合理论证的基本问题、观点、方法和技巧。《批判性思维》（原书第10版）从批判性思维的重要性和必要性说起，就如何进行正确地思维和清晰地写作，到有效论证的规则、合理的演绎和归纳推理，再到道德、法律和美学的论证进行了详细阐述，同时还列举了各种以修辞手法来掩盖虚假论证的例子，对批判性思维进行了全面的论述，帮助读者全面了解和掌握合理而正确的思维基本原则、规则、要求、技巧和训练方法。

诉诸人身/生成谬误 ：通过批评其来源而反驳某立场或论证。脱口秀主持人乐于此道。
稻草人谬误：为了反驳对方立场以夸大、错误表达等方式曲解其立场，使对手陷于不利。
源自愤怒的“论证”：顾名思义，以愤怒替代理由和判断。如，政治论辩沦于对骂。
威吓手段：试图通过威吓对方来证明某观点。你不难想到例证。
仓促概括：过于相信由小样本得出的结论。
群体思维：任凭对某群体的忠诚来干扰对问题的判断。例如，裁判员吹哨警示我们队犯规太多。
转移注意力：所答非所问，避开问题的焦点。
一厢情愿的思维：任凭自己的喜好来判断，拒绝探讨真相。也可称之为逃避现实的谬误。
诉诸公众的“论证”：认为“大家”都相信的就一定是真的。
在此之后，因是之故：误认为先后相继发生的事情之间就有因果联系。",33,761,0,18,https://wfqqreader-1252317822.image.myqcloud.com/cover/58/674058/s_674058.jpg
思维模型,2022-03-01 00:00:00,哲学宗教-思维科学,思维模型有很多种，每个学科也有其独特的思维模型。本书中温伯格和麦肯从多种学科中选择了200多个实用的思维模型，并通过饶有趣味的相关例子对其进行了分析。不过，要提升日常决策、解决问题和寻求真理的能力，你只需要掌握其中的少量模型。本书内容通俗易懂，是提升思维能力的实用指南，适合每一个渴望提升思维能力的人。,8,756,0,47.6,https://wfqqreader-1252317822.image.myqcloud.com/cover/869/43521869/s_43521869.jpg
哲学·科学·常识,2018-02-01 00:00:00,哲学宗教-思维科学,《哲学·科学·常识》是陈嘉映的代表作之一，这本书既是对历史上人类求知历程的回顾，也是对人之本、知识之本的追问。人类解释世界的努力，前有神话、巫术，后有哲学、科学。排除了千难万险，才抵达日心说、牛顿力学、进化论、量子物理，才使得科学成为“真理”的者。一方面人们常常反思，科学为什么会取得这样的成功？人们经验着同样的世界，为什么只有欧洲产生了科学？另一方面，我们也为科学之成功付出了代价：用科学来逼近“真理”，却将人的心灵排除出真理的领域之外。用数学和实验思维树立的科学大厦里，没有人之善恶、悲喜的位置——科学果真是这个世界的全部答案吗？人们在科学道路上探索，有时竟恍然不知我们对世界的理解是在深入，还是在背离。难道果真如老子所说，“为学日益，为道日损”？科学之外，还另有有求道之途？ 《哲学·科学·常识》是陈嘉映站在人类认知发展前端的一次回望：回到我们探求真理的本意：我们究竟是要探索未知的领域，拓展人类认识的边界？还是要理解我们存在于其中的世界，在纷繁的人世间消解困惑，更好地生活？,6,773,0,42.4,https://wfqqreader-1252317822.image.myqcloud.com/cover/62/933062/s_933062.jpg
统计学关我什么事：生活中的极简统计学,2018-07-01 00:00:00,哲学宗教-思维科学,本书抛开让人难以理解的“贝叶斯公式”，用“面积图”做直观形象的解读。只要会做四则运算，就能快速入门，进而在一个个生活场景中，领会贝叶斯统计学的精髓。贝叶斯统计学的优势在于“在数据少的情况下也可以进行推测”，贝叶斯统计学的统计过程和人脑的决策过程是很相似的，在人工智能时代有着广泛的商业应用。微软操作系统、谷歌的自动翻译系统等都引入了贝叶斯统计技术。如果能够熟练掌握贝叶斯统计，个人也能够更好地做决策，可以说与好的生活息息相关。,37,756,0,19.99,https://wfqqreader-1252317822.image.myqcloud.com/cover/417/22394417/s_22394417.jpg
50堂经典哲学思维课,2021-10-01 00:00:00,哲学宗教-思维科学,在飞速运转的当代生活中，我们常常陷入无意义的漩涡。在信息爆炸的流量王国里，我们总被眼花缭乱的动态迷惑。但是，会思考的人往往能辨清身处的环境，掌握应对挑战的能力，从容做自己。而学习哲学，不是为了获得一个唯一的答案，而是学会思维的方式，让你勇于做出决定，明白自己想要什么，应该如何直面人生。本书选取50个切中当代生活的大问题，带你重温50部哲学经典：你为何会成为“打工人”？“小确幸”有什么问题吗？人工智能为何无法取代人？你愿意生活在监控中吗？……在问题的背后，是50种历久弥坚的思维方式。通过每篇10分钟的短阅读，快速吸收智慧精华，对话哲学家的沉思人生，指引你向人类思维的边界不断探索。,17,671,0,69.3,https://wfqqreader-1252317822.image.myqcloud.com/cover/409/41857409/s_41857409.jpg
零秒思考,2015-01-01 00:00:00,哲学宗教-思维科学,临近deadline，还在迷迷糊糊兜圈子？工作不得要领，一番折腾后又回到原点？话在嘴边却怎么都说不出口？满脑子朦胧的想法却迟迟无法动笔写企划案？很多人都会面临这种工作困境，但至于怎么改变却总是找不到好办法。这本书教你的就是把心中想法落实到语言和实践中的具体做法-----零秒思考。,12,642,0,3.99,https://wfqqreader-1252317822.image.myqcloud.com/cover/467/833467/s_833467.jpg
现象学的观念,2016-06-01 00:00:00,哲学宗教-思维科学,《现象学的观念》是胡塞尔1907年在哥廷根大学任教时的讲稿。1926年，胡塞尔当时的助手兰德格雷贝把胡塞尔的这份用速记方式写下的讲稿译成一般文字，而后胡塞尔又在上面作了修改和注释，准备出版。胡塞尔文库在1947年首先把该书作为《胡塞尔全集》的第二卷出版。《现象学的观念》的产生标志着胡塞尔一生思想发展的第二个重要转折点。在这部著作中，胡塞尔在现象学还原的道路上已基本完成了向超越论现象学的突破，从而成为一名超越论观念主义者。,5,961,0,11,https://wfqqreader-1252317822.image.myqcloud.com/cover/958/24905958/s_24905958.jpg
三大思考工具轻松解决各种问题（修订本）,2021-01-01 00:00:00,哲学宗教-思维科学,《三大思考工具轻松解决各种问题·修订本》在原版畅销的基础上进行了全新的修订，更符合国内读者阅读，介绍的三大思考工具包括：让问题变得一目了然的整顿工具──分支图，打破两难局面的解决工具──疑云图，看清障碍，朝目标前进的实现工具──远大目标图。运用这三大思考工具，能够帮助人们锻炼出强大的思考力：养成逻辑思考力；将事物归纳得一目了然；养成找出“为什么”的能力；学会解决两难处境；学会站在对方的立场思考；学会与伙伴同心协力解决问题；养成颠覆性的创意思考，打破墨守成规的观念；理解梦想与现实的关系，提高实现目标的斗志与能力；运用所学知识加以思考，为自己的行动负责。,12,775,0,24,https://wfqqreader-1252317822.image.myqcloud.com/cover/368/35626368/s_35626368.jpg
逆思维逻辑：你的世界皆有可能,2015-01-01 00:00:00,哲学宗教-思维科学,"    每个人都有思维，思维方式因为经验和环境所限，通常都是定向的，既惯性思维，容易总直线。定向思维属于从众心理的延展，以常规来判定事态，虽然不会引发矛盾，但却失去了发现不同状态的机会。定向思维是对人类思维的紧锁，不利于人类的发现和创造。其实，成功是一扇门，它并不在乎你用什么方式去打开它，懂得调整思维方向，让大脑和心理来个180度大转弯以后，说不定那扇门就开了。运用逆思维可使思维呈现多面化，有利于高效解决问题。同时，逆思维是一种心理习惯，养成逆思维习惯，人生将处处充满惊喜！本书全面阐述逆向思维给人们带来的益处。
",21,780,0,7.99,https://wfqqreader-1252317822.image.myqcloud.com/cover/661/922661/s_922661.jpg
元认知：改变大脑的顽固思维,2014-10-01 00:00:00,哲学宗教-思维科学,本书介绍了一些扭转目标奖励中心、克服认知偏差的策略。实际上，我们要学着分辨哪些是我们的最有效点，哪些是我们的盲点。本书的第二部分列出了一些改造大脑的自助性技巧，这些技巧都具有强制性，包括如何压过内心的杂音，培养内在的平静，与他人的思维同步以及提高我们的想象力。这种加工能力令人震惊。想象一下如果自我意识能够在监控思维方式上做到更好，会发生什么？自我意识能够把个体的思维模式从悲观循环中拉出来，使之进入一个理想的轨道，进而适应，最后形成一个更灵活、更具韧性的自我。,10,599,0,9.99,https://wfqqreader-1252317822.image.myqcloud.com/cover/347/602347/s_602347.jpg
你以为的人生意义就是人生的意义吗？,2022-01-01 00:00:00,哲学宗教-思维科学,生命的意义是什么？在这本书中，朱利安·巴吉尼带领你进行一次关于人生意义的思辨之旅。他吸收众多哲学家的观点，结合日常生活中的例子，甚至引用电影、流行歌曲等进行阐释，简明扼要地分析了人们在思考生命的意义时通常给出的六个答案：帮助他人、造福人类、获得幸福、追求成功、及时行乐，以及释放自我。通过将“意义”这个模糊而神秘的问题简化为一系列更具体的问题，即什么赋予生命目的和价值。他表明，对意义的追求可以是个人的、有力量的和令人振奋的。即使你没有接触过哲学，也能在他的指引下，通过精微的哲学思考，了解关于人生意义的各种答案。更重要的是，他让我们相信，即使没有最终答案，我们还是可以找到属于自己的人生意义，为此生找到充分而必要的理由。,8,741,0,41.3,https://wfqqreader-1252317822.image.myqcloud.com/cover/419/43180419/s_43180419.jpg
眨眼之间,2014-04-01 00:00:00,哲学宗教-思维科学,"    我们在一眨眼之间做出的决定，比三思而后行，或许更具大师级的水准。只是，直觉背后的内涵，远比表象来得深刻。生活中的决策无论好坏，我们到底是如何做成的？在本书中，格拉德威尔阐述并解答了这些问题。他通过多样化的个案，诸如快速约会的过程、流行音乐的运作以及无辜黑人遭警方枪杀的疑案，彰显了一项重大发现：人们在一眨眼间做出的决策，其内涵远比表相来得复杂。格拉德威尔援引心理学的最新研究成果，证实了影响决策优劣的关键，并不在于我们能够快速处理多少信息，而是在于我们全神贯注的专注力。格拉德威尔在各个例证之间纵横挥洒，再度展现了他的精湛才华。他告诉我们在家庭关系、职业生涯到日常生活中，如何成为更成功的决策者。
",2,591,0,22.99,https://wfqqreader-1252317822.image.myqcloud.com/cover/323/637323/s_637323.jpg
经典逻辑思维名题365道,2016-11-01 00:00:00,哲学宗教-思维科学,在启发逻辑思维的过程中，思维游戏起着至关重要的作用，是发展逻辑思维能力的一块敲门砖，它有利于锻炼大脑，启迪智慧，它在开发人的潜在智力与拓宽思维的灵活性等方面扮演非常重要的角色。思维游戏通过激发人的思考兴趣，从而培养和提升人的推理力、分析力、观察力、注意力、想象力、记忆力和反应力。本书特别精选了逻辑思维游戏，从推理思维、应用思维、数学思维、探索思维、想象思维等方面全方位地提升读者的逻辑思维能力。本书适合渴望使自己变得更聪明的青少年、急需提升逻辑思维能力的中小学生、喜欢领略思维游戏乐趣的上班族阅读。,110,714,0,15.99,https://wfqqreader-1252317822.image.myqcloud.com/cover/616/23741616/s_23741616.jpg
哲学：思想的前提批判,2016-03-01 00:00:00,哲学宗教-思维科学,该书以恩格斯关于“理论思维的不自觉的和无条件的前提”的论述为出发点，以思想的前提批判为解释原则，论证了哲学的理论性质、思维方式、存在方式和工作方式，分别探讨了构成思想的基本信念即“思维和存在的同一性”问题，构成思想的基本逻辑即形式逻辑、内涵逻辑和实践逻辑问题，构成思想的基本方式即常识、宗教、艺术和科学问题，构成思想的基本观念即存在、世界、历史、真理和价值问题，构成思想的哲学理念即哲学与形而上学、哲学与哲学史、哲学与辩证法、哲学与时代精神的关系问题。,15,865,0,49.99,https://wfqqreader-1252317822.image.myqcloud.com/cover/618/936618/s_936618.jpg
逻辑工作法,2017-10-01 00:00:00,哲学宗教-思维科学,“逻辑工作法”是一场开启全新思考方式的思维革命，以其简洁、严谨、高效的优点深受麦肯锡、谷歌（美国）、西门子（德国）、丰田（日本）、华为、万达（中国）等世界500强公司的精英人士推崇，潜移默化地成就了他们的工作方式，大大提高了工作效率。在这本书里，畅销书作家、知名逻辑思考大师西村克己详细剖析了工作中不同的思维方式，并在MECE、金字塔原理、ECRS等理论基础上，归纳出一系列实用有效的逻辑方法，帮助读者分析和解决复杂的工作难题，制胜职场。阅读这本书，将逻辑思维运用到工作中，颠覆传统的思考方式，让工作变得简单而高效，创造更多的可能性。,15,662,0,16.99,https://wfqqreader-1252317822.image.myqcloud.com/cover/55/923055/s_923055.jpg
辩证思维,2015-08-01 00:00:00,哲学宗教-思维科学,本套丛书紧扣习近平总书记系列讲话精神及改革开放以来特别是党的十八大以来党的执政治国实践，科学归纳和深度解读新一届中央领导集体关于战略思维、历史思维、辩证思维、创新思维、底线思维、法治思维和互联网思维等一系列思维方法论的具体阐述和创新表达，考察其在我党治国理政思想体系中的重要地位和实践价值。丛书注重强调政治性、学术性与可读性的统一，广泛吸收借鉴该研究领域国内最新成果和观点，体现一定的前瞻性、创新性和实践特征。,14,0,0,12,https://wfqqreader-1252317822.image.myqcloud.com/cover/193/27576193/s_27576193.jpg
思维导图阅读法,2016-10-01 00:00:00,哲学宗教-思维科学,这是个科技时代，“思维导图阅读法”能帮到我什么？一治不专心；二治没逻辑；三来补脑力。思维导图阅读法，3大步骤，帮助快速阅读、理解、吸收、记忆。思维导图阅读法——运用思维导图，抓到信息重点及逻辑的思考技术！,10,617,0,13.99,https://wfqqreader-1252317822.image.myqcloud.com/cover/539/933539/s_933539.jpg
深度感知,2020-01-01 00:00:00,哲学宗教-思维科学,这是一部现代科学与哲学智慧精彩结合的著作，将物理学和玄学的最优之处融在一起。对光和意识进行了深入探索，帮我们看到它们对人性各个侧面的影响。明晰地阐述了那些能够提高你的天赋、扩大你的生命视野、改变你所有的体验的深度意识。雅各伯·利伯曼博士鼓励我们用心去感知意识之光、去看见新事物、去体会差异、去重写认知，去发现新的自己和世界，让光明指导你的人生。,22,0,0,28.99,https://wfqqreader-1252317822.image.myqcloud.com/cover/224/31356224/s_31356224.jpg
理性之谜,2019-01-01 00:00:00,哲学宗教-思维科学,理性让我们具有人性，让我们获取知识、变得睿智。如果理性如此有用，那么它为何不在其他动物中进化呢？如果理性那么可靠，那么为何我们说着满口合乎逻辑的胡话呢？作者从真实的生活场景和实验证据着手，认为理性不是帮助我们做出更好的决策，而是帮助我们将信念和行为证明给他人，通过论证说服他们，并评估他人向我们提出的理由和论据。《理性之谜》解释了长期以来一直困扰着哲学家和心理学家的问题：为何理性偏向于我们已持有的信念？为何理性会让人产生可怕的想法？为何理性对好想法的传播必不可少？《理性之谜》结合哲学、行为科学、心理学知识，将引发心理学家与哲学家之间的争论，并让许多理性之人反思自身的思维模式。,6,0,0,39,https://weread-1258476243.file.myqcloud.com/weread/cover/17/3300017617/s_3300017617.jpg
整体性思维：人类及其世界,2020-10-15 00:00:00,哲学宗教-思维科学,埃德加·莫兰（1921- ）是法国当代享有盛誉的思想家，他具有多学科视角，在哲学认识论领域，创建“复杂性思维方式”（简称“复杂性范式”），在其他人文社科领域也建树颇多。 本书总结思考了人类的命运：依次从宇宙物质演化、地球生物进化、人类社会发展三大层面追溯了人类的起源和发展。进而分析了人类复杂的本性：既是理智的人，又是疯狂的人；既是生产的人，又是游戏的人。由此认为：人类在社会生活种具有多重需求，有向多种方向（包括善与恶）发展的可能性。历史发展并不遵从必然的法则，而是充满了不确定性，往往以初始微小的偏离常轨的倾向或异端通过意外的方式取得主导地位，开辟新的历史阶段。作者批判了资本主义社会的唯经济主义的生产方式削弱了人类相依共存的传统关系，恶化了人类生存所依赖的自然环境。作者最后聚焦于全球化形势，指出全球化蕴含着深刻的两面性：它可能给人类带来新生的机遇，但是如果当前的经济-科学-技术的全球化不能被伦理-文化-社会的全球化所补充、伴随、引领，它将使人类走向灾难。作者呼吁世人改革思维方式，结成人类命运共同体，“创建多样性的统一”，才能最大限度地促进人类的永续发展。他认为“我们现在生活在人类历史开始的开始”，我们依然有机会力争美好的未来。,4,0,0,29.4,https://weread-1258476243.file.myqcloud.com/weread/cover/84/3300024384/s_3300024384.jpg
麦肯锡笔记术,2021-04-01 00:00:00,哲学宗教-思维科学,本书介绍麦肯锡顾问使用的笔记技巧，让各行各业的人们都能够运用，从而提升自己的工作效率，内容涉及麦肯锡笔记术的基础、麦肯锡逻辑思考的方法、麦肯锡整理思考的笔记术和整理心灵的笔记术四个方面。本书介绍的麦肯锡的笔记术并不是普通的做笔记或者会议记录的方法，而是“解决问题”“加深思考”的技巧。掌握了这种笔记术，就相当于掌握了麦肯锡的思考方法，不仅能提高自己分析信息和将信息结构化的能力，还能提高工作成果的品质。本书对于适合职场人士阅读学习，通过书中介绍的笔记术，开阔思路，提高工作效率，取得好的工作成果。本书书后附有供联系的空白笔记练习页，让读者可以尝试按照书中的方法实践。,8,378,0,19.9,https://wfqqreader-1252317822.image.myqcloud.com/cover/437/37567437/s_37567437.jpg
思维导图：创意高手的超强思考工具,2016-10-01 00:00:00,哲学宗教-思维科学,思维导图是一项革命性的思考工具，当我们面临信息爆炸的时代，它可以快速精简地、归纳与分析，将其关键字，用一条线去连结，将大脑中凌乱的记忆与信息，变成自己有效的资产。如果你想订出完美运动计划，并有效率达成；如果你想提出绝佳创意概念，并能迅速解决方案；如果你想节省在工作上所需耗费的时间，并能及早完成；如果你想训练自己的大脑——就用思维导图。现在发觉自己的思考力似乎不太好的人，都还来得及训通已经为体内吸收，画思维导图就会变得跟吃饭一样简单。,15,535,0,13.99,https://wfqqreader-1252317822.image.myqcloud.com/cover/540/933540/s_933540.jpg
深度玩转思维导图+：掌握思维导图的88次刻意练习与20个应用场景,2020-07-01 00:00:00,哲学宗教-思维科学,你在年初设定的目标到年底经常无法完全兑现；你渴望实现财富自由，却不知道如何管理财富；你喜爱旅行却苦于做旅行攻略；出差前你在整理行李时经常丢三落四；你热衷读书却经常读完就忘；你渴望拥有和谐的夫妻关系和亲子关系，却找不到正确的沟通方式；你希望高效备考，做到逢考必过；你期望系统辅导孩子梳理知识点，让孩子做到活学活用；你渴望快速提升写作能力，写出一份让客户拍案叫绝的策划案……上述这些问题都可以通过思维导图来解决，它不仅是帮助我们提升逻辑思考能力、创造力、想象力、条理性的实用工具，还是助力我们实现高效自我管理，陪伴我们成长的好朋友。本书结合思维导图的理论、作用、要素、类型，以及绘制方法和原则，阐述了思维导图在个人自我管理、生活、工作、学习中20个场景的应用。本书通过作者绘制的极具价值的88幅思维导图，以图文并茂的形式介绍了思维导图的强大功能，为读者提供了优秀的思维导图应用范例，启发读者将思维导图视为人生中随时可用的工具。本书适合所有渴望成长、热爱生活的大众阅读，尤其适合职场人士、学生以及管理者阅读。,9,0,0,30.5,https://wfqqreader-1252317822.image.myqcloud.com/cover/754/32515754/s_32515754.jpg
你其实可以更理智：如何纠正17个被你忽视的思维偏差,2015-11-01 00:00:00,哲学宗教-思维科学,本书英文原版《你现在没那么笨了》是《你其实没那么聪明》的续作，或曰姊妹篇。在亚马逊书店的读者评级中，它被评为4星半。麦克雷尼还在广播节目中亲自朗读过此书片断。,6,611,0,8.84,https://wfqqreader-1252317822.image.myqcloud.com/cover/538/844538/s_844538.jpg
无所事事的艺术,2017-03-01 00:00:00,哲学宗教-思维科学,最上乘的思想往往是在意识安歇时出现的。偷闲让意识暂时空掉，往往是面对紧急事务的最佳方式。懂得倾听的人通常能掌握全局。品尝食物的滋味乃是激活思想最愉悦的方式之一。“无所事事”不是教你终日闲散，不做正事，而是帮你从疲惫不堪的生活中解脱出来的生活艺术。当全世界都在催你奋力往前冲时，这本《无所事事的艺术》却反其道，教你怎么拖延、深呼吸、发呆、打瞌睡、沐浴、品尝宇宙万物的美妙滋味……正如英国哲学家阿兰·德波顿所说：“无所事事才是高贵的光荣。”莫让唯利是图的活动塞满你的人生！,9,596,0,18,https://wfqqreader-1252317822.image.myqcloud.com/cover/270/860270/s_860270.jpg
丰田一页纸极简整理法,2019-06-01 00:00:00,哲学宗教-思维科学,《丰田一页纸极简整理法》以作者在丰田公司学到的“一页纸”整理法为基础，结合在丰田公司的工作经历，介绍了这种工作方法如何在工作现场中发挥作用。只要一页纸，以及一支三色笔，就可以轻松整理信息、总结要点、表达结论。书中不仅介绍了一页纸工作方式的含义，还介绍了其中蕴含的信息整理方法，细致展现了“一页纸工作方式”从概念到应用的详细过程，能够让读者对照着按简单清楚的步骤学习，轻松学会思维整理的方法。,12,698,0,21,https://wfqqreader-1252317822.image.myqcloud.com/cover/376/35626376/s_35626376.jpg
TED思想的力量系列（套装共5册）,2016-08-23 00:00:00,哲学宗教-思维科学,《安静的力量》：29岁的时候，皮克·耶尔过上了一个普通人梦寐以求的生活：在曼哈顿一栋摩天大楼的25层上班，和一群志趣相投的人共事；工作内容精彩无比，是为《时代》周刊报道国际时事；而且没有什么家庭负担，可以随心所欲地到世界各地旅行。忙碌的生活让他感到兴奋，但是内心深处却迷失了自己的方向。于是，耶尔决定逃离这样的梦幻生活，放弃稳定的工作，搬到未知世界，也就是他心目中的“止境”，体会一种静止的力量。都市的生活总是让人晕头转向，但耶尔发现止境能够让人找到自己真正的方向，从而把世界看得更加清楚，对世界爱得更深。在《安静的力量》一书中，皮克·耶尔分享了许多与我们常识相悖的观点。他认为每个人在骨子里，其实都需要一个留白的空间，一个停顿，就像一段音乐正是有了休止符才能让人产生共鸣。但是，这本书不是冥想指导书，也不是宗教宣传小册子，而是倡导了一种生活方式，也就是关掉电脑、抛开手机、逃离都市喧嚣，通过长时间静坐，进入内心世界。而这种生活方式是包括谷歌在内很多互联网公司都在推崇的生活和工作方式。《爱情数学：如何用数学找到真爱？》：寻找到完美伴侣真的那么难吗？在《爱情数学：如何用数学找到真爱？》中，数据学汉娜·弗莱博士巧妙揭示了爱情中隐藏的数学规律，展示了数学在爱情问题上的妙用，给出了告别单身、保持优质婚姻的重要秘诀！如何提高遇见Mr.Right的概率？网络交友成功率是多少？恋爱多久后结婚合适？与爱人发生争执时，什么时候妥协胜算大？这其中都是有科学规律的！如果想更好地理解爱情是怎么回事，就翻开这本有趣而深刻的小书《爱情数学》吧。《未来建筑的100种可能》：一头奶牛建造的房子会是什么样？摩天大楼能否一日建成？我们能够在月球上居住吗？真的有建筑可以吸收雾霾吗？浮在水上的办公室能想象吗？这些并不是异想天开。人类对建筑的体验，正在被信息革命所颠覆，一个崭新的未来正在到来。未来建筑将突破传统的物理概念，将人、环境、社交需求等因素巧妙交融，给人以全新的多维体验。《未来建筑的100种可能》堪称一个建筑百宝箱，著名建筑设计师马克·库什纳从地球的七大洲（暂不涉及其他星球），搜集了当今和未来富创意、具突破性的100余座建筑——排污管道改造成的餐厅，能里外翻转的办公楼，可以充气的演奏大厅，3D打印的住宅……这本书将突破你的思维边界，为你呈现人类生存空间的无限可能。《我父亲是恐怖分子 ： 一个关于选择的故事》：引起杀意的仇恨，并非人与生俱来的本能，而是一场精心编制的谎言。这谎言被反复传颂，受众往往是既无权无势，又无法从另一角度审视世界的人。我的父亲正是这一谎言的忠实信徒，而他曾一度想让我也陷入这一谎言中。我穷尽一生，想要弄清楚让父亲走向恐怖主义道路的原因。而每每想到我的血管里流淌着他的血，我就倍感挣扎。我想通过讲述我的故事，带给人希望与启发，告诉大家一个在狂热火焰中成长的年轻人，如何走向一条非暴力的路。我不敢说我的人生有多么辉煌，但我相信，每个人都有属于自己的人生旋律，每个人都可以改变自己的命运。1990年11月5日，扎克·易卜拉欣年仅7岁时，他的父亲埃尔-塞伊德·诺塞尔枪杀了犹太保卫同盟会的领袖。在狱中，诺赛尔参与策划了震惊世界的世贸中心爆炸案。在一段臭名昭著的视频录像中，本·拉登曾经号召世界要铭记“埃尔-塞伊德·诺塞尔”这个名字。易卜拉欣在恐怖主义的阴影中度过了童年。在父亲锒铛入狱后，他和家人搬家二十余次，却始终在精神上受父亲罪行的困扰，并因此受他人的排挤与控诉。尽管思想极端的父亲试图将他的狂热信仰灌输到易卜拉欣的脑中，这个羞怯而笨拙的男孩却从未与仇恨产生共鸣。随着年龄的增长，逐渐了解父亲恐怖主义行为的易卜拉欣，开始了自己的逃亡之旅。本书讲述了一个从小被灌输偏见与仇恨，并本可能追随父亲脚步的男孩，如何成长为一个男子汉，并选择走上不一样的道路。《我们为什么要去火星？》：对于火星，我们有太多问题：埃隆·马斯克本世纪末送8万人移民火星的计划是否为痴人说梦？ 登陆火星有没有具体时间表？相关技术是否已经成熟？探险家在漫长的旅行中需要克服哪些困难？ 在火星生存如何解决氧气、食物、水等基本需求？ 移民火星的成本到底有多高？……在火星建立人类第二家园，早已不仅是少数人的大胆设想：欧洲宇航局、美国宇航局、中国航天局、俄罗斯联邦航天局紧锣密鼓，美国轨道科技公司、太空探索技术公司、荷兰“火星一号”跃跃欲试。本书将带领读者从深沉的历史游走到奇妙的未来，从早期激动人心的火箭技术发展，到各个国家的航空竞赛，再到各国宇航局与私人机构“淘金热”般的行星大开发，彼得拉内克在书中详细披露了登陆火星、改造火星的技术难点，算了一笔天文数字的经济账，并将最终证明：在火星上生活，不只是人类的一个梦想，而是我们的最终归宿。,9,739,0,108,https://wfqqreader-1252317822.image.myqcloud.com/cover/464/844464/s_844464.jpg
零基础思维导图法,2017-06-01 00:00:00,哲学宗教-思维科学,思维导图是反映我们心智模式的一张图，思维导图法均衡运用到大脑的心智能力，以及植基于语意学所形成的视觉化组织图，能强化思绪的发想与组织、知识内容的理解与记忆，是一种有效创造建构认知基模的方法。本书通过案例解析与题型练习，让读者像玩通关游戏，在本书的指导下，读者能逐步体验思维导图法的神奇奥妙，很快地抓住入门技巧，轻松学会用思维做学习笔记、工作管理、提升记忆和创意发想，让想象力、联想力自由奔放，开启思考、学习的无限可能。,8,687,0,19.99,https://wfqqreader-1252317822.image.myqcloud.com/cover/411/927411/s_927411.jpg
思维导图：快速提升写作力,2017-08-01 00:00:00,哲学宗教-思维科学,思维导图法是一种在阅读写作时，有助于理解、分析、综合、评鉴、创新的好方法，对提升记忆力也有很大的帮助。特别是由学生自己透过绘制思维导图的过程，呈现内心的想法，进行主动且有意义的学习，对于阅读理解与写作构思，都有意想不到的好效果。本书通过思维导图与作文的结合能快速有效地引导学生进入作文主题、建立文章架构、组织写作素材以写作步骤分章介绍，从审题立意到文字修辞，大幅提升教学、自学的实用性，用思维导图强化逻辑思考能力，帮助学生写好作文。,10,597,0,19.99,https://wfqqreader-1252317822.image.myqcloud.com/cover/412/927412/s_927412.jpg
赢者思维：欧洲最受欢迎的思维方法,2015-09-01 00:00:00,哲学宗教-思维科学,很多人接受过克里的咨询和培训，他们的人生由此改变。 《赢者思维》告诉人们，目标为我们的生活提供意义，“形象化凝视技术”可以让目标在大脑中建立连接，这种连接一旦建立，将深刻地改变人的行为。如何调整思维，为实现目标提供巨大驱动力？如何充分利用大脑的情感系统，激发我们内在的潜能？如何挖掘价值观的力量，为成功助力？ 本书作者用几十年的研究和实践帮助许多运动员成为了世界冠军，更多的是，帮助了更多处于困境中的普通人，开启了他们新的人生，本书也成为新西兰乃至欧洲最受欢迎的思维方法课。,24,0,0,29.4,https://weread-1258476243.file.myqcloud.com/weread/cover/68/3300021468/s_3300021468.jpg
我的第一本思维导图入门书（全新增订版）,2020-10-01 00:00:00,哲学宗教-思维科学,本书将思维导图归纳为四类并各引用很多实例来说明解释，包括用创造型思维导图在脑力激荡、新产品开发、活动企划，及未来目标的订定；用整理型思维导图做分析、归纳；用提示型思维导图拟订作文的大纲及演讲的提词；用沟通型思维导图做自我介绍及会议简报。本书内容浅显易懂且容易下手练习，在本书的指导下，读者就可以轻松地画出思维导图。此书的第一本上市后，读者给予了高度认可，同时也提出了一些意见。作者对思维导图也有了新的认识，对此特别增订了部分内容，将更丰富的内容提供给读者。,14,561,0,22.5,https://wfqqreader-1252317822.image.myqcloud.com/cover/126/34752126/s_34752126.jpg
好玩的逻辑思考练习册,2020-10-01 00:00:00,哲学宗教-思维科学,《好玩的逻辑思考练习册》从生活中常见的现象入手，通过先提出问题，再解答问题的形式，引导读者进行逻辑思考 ，于潜移默化中提升逻辑思考能力，进而解决实际问题。另外，书中还通过附加谜题练习的形式，吸引读者参与其中，激发学习兴趣。全书图文并茂，可读性、趣味性都很强。,10,0,0,21,https://wfqqreader-1252317822.image.myqcloud.com/cover/124/34752124/s_34752124.jpg
轻松考高分的图像记忆法,2020-09-01 00:00:00,哲学宗教-思维科学,《轻松考高分的图像记忆法》共分为三大部分，一开始以科学方法切入，探讨记忆的形成和大脑的运动，然后介绍各种记忆方法，并且以精美的图解辅助说明，最后再以实际案例结尾。在第三部分，作者以历史事件、数字公式、古诗为案例，让读者可以跟着操作演练，所举案例生动有趣，能让学生发现学习的乐趣，激发他们的学习热情。此外，每个篇章不时穿插小游戏或小叮咛，更可以提醒读者未曾注意的盲点，以及达到在游戏中轻松学习的效果。《轻松考高分的图像记忆法》适合所有想增强记忆力的人，尤其适合耗费相当多心力在学习中的孩子如果你的孩子是个记忆力超强的人，这本书可以帮助他更上一层楼﹔如果你觉得孩子总是很健忘，做事情没有效率，进而导致学习成就不足，那么绝对不能错过此书，它一定会让孩子获益匪浅，重新找回学习的乐趣。,15,0,0,24,https://wfqqreader-1252317822.image.myqcloud.com/cover/553/34125553/s_34125553.jpg
极简逻辑学,2020-07-01 00:00:00,哲学宗教-思维科学,这是一本足以彻底改变你思维世界的小书。正如著名行为学家孙路弘所说，缺乏逻辑已成为社会的一种流行病症：逻辑紊乱症候群。而《简单的逻辑学》就如一场及时雨，一本治愈社会疾病的宝典，的确是应该人手一册。,13,429,0,12,https://wfqqreader-1252317822.image.myqcloud.com/cover/101/33905101/s_33905101.jpg
物理科学的哲学,2014-03-01 00:00:00,哲学宗教-思维科学,本书是英国著名天文学家、理论物理学家、数学家和科学哲学家阿瑟斯坦利爱丁顿撰写的著名科学哲学著作之一。爱丁顿不仅是20世纪研究恒星内部结构的先驱之一，而且是早期验证爱因斯坦广义相对论的主要负责人。爱丁顿在本书中试图整理同现代物理科学进步有关的哲学思想原理，相关论述主要集中在针对相对论和量子力学所反映出来的认识论问题上。,20,0,0,11,https://wfqqreader-1252317822.image.myqcloud.com/cover/930/24905930/s_24905930.jpg
学一次用一辈子的思维导图,2018-12-01 00:00:00,哲学宗教-思维科学,思维导图创始人东尼·博赞认可推荐的华人讲师，风靡全球，彻底激发工作、学习与生活的无限潜能，超过三亿人正在使用的革命性思维工具，剑桥大学、牛津大学、哈佛大学、微软、IBM、迪士尼等世界知名学府与跨国企业反复使用的思维方法。将思维导图引进华人世界的首倡者孙易新心血之作，适合中国人学习使用的思维导图入门宝典，全彩印刷，超值平装。,9,543,0,19.92,https://wfqqreader-1252317822.image.myqcloud.com/cover/63/24191063/s_24191063.jpg
重估价值：反思被遗忘的20世纪,2013-05-01 00:00:00,哲学宗教-思维科学,托尼·朱特以其标志性的锐利和活力，在一系列令人眼花缭乱的主题之间建立起发人深省的联系——从法国马克思主义者到美国外交政策，从全球化的经济到对大屠杀的记忆。他向我们揭示了在“制造神话”战胜“理解”、“否认”战胜“记忆”的过程中，真正的历史在多大程度上被遗弃了，而那些被遗忘的问题是多么重要——对于我们的今天，对于我们的未来。,8,0,0,41.3,https://wfqqreader-1252317822.image.myqcloud.com/cover/108/40377108/s_40377108.jpg
世界的逻辑构造（二十世纪西方哲学译丛）,2008-06-01 00:00:00,哲学宗教-思维科学,卡尔纳普是20世纪著名的分析哲学家，维也纳学派的领袖之一。《世界的逻辑构造》是他早期的代表作。本书运用弗雷格、罗素肇始的逻辑分析方法，将一切科学领域的概念都分析、还原到直接经验的基础，用“原初经验的相似性记忆”这个基本关系的概念，逐步地给所有其他概念以定义，有层次、有等级地把各个科学领域的概念重新构造出来，即所谓“理性的重构”。卡尔那普认为，这样一个概念的构造系统不仅揭示了概念的逻辑次序，而且体现了认识的次序；同时这种构造也是一种有力的武器，可以将不能还原到经验基础亦即不能加以构造的一切形而上学的概念和命题从哲学中驱逐出去。,60,625,0,16.99,https://wfqqreader-1252317822.image.myqcloud.com/cover/797/25926797/s_25926797.jpg
哲学象形论的自然哲学应用：基于数学的科学之局限性（上册）,2022-04-19 00:00:00,哲学宗教-思维科学,"物理学依据抽象概念解释现象世界，难以提供出一幅简约而完整的物理图景。本书旨在以一种哲学的视角重新看待物理科学以及它与数学构成的语言关系，同时揭示出物理科学体系在数学引领下的局限性。如果物理学能够回归到人们最初的物理理解方式，那么不仅有助于物理学的认知统一，也有助于缝合科学解释与大众理解之间的鸿沟，对科学的发展和社会的进步都将具有积极意义。书中的观点虽有待证实，仍不失为一种有价值的探索和思想突破的努力方向。如果你是一位科学和思想的爱好者，或者正被前沿物理学的现象所困扰，希望这本书可以为你提供一种有参考价值的解答。",4,0,0,21.99,https://weread-1258476243.file.myqcloud.com/weread/cover/76/3300017476/s_3300017476.jpg
创新思维,2015-08-01 00:00:00,哲学宗教-思维科学,本套丛书紧扣习近平总书记系列讲话精神及改革开放以来特别是党的十八大以来党的执政治国实践，科学归纳和深度解读新一届中央领导集体关于战略思维、历史思维、辩证思维、创新思维、底线思维、法治思维和互联网思维等一系列思维方法论的具体阐述和创新表达，考察其在我党治国理政思想体系中的重要地位和实践价值。丛书注重强调政治性、学术性与可读性的统一，广泛吸收借鉴该研究领域国内最新成果和观点，体现一定的前瞻性、创新性和实践特征。,13,0,0,12,https://wfqqreader-1252317822.image.myqcloud.com/cover/195/27576195/s_27576195.jpg
法治思维,2015-08-01 00:00:00,哲学宗教-思维科学,本套丛书紧扣习近平总书记系列讲话精神及改革开放以来特别是党的十八大以来党的执政治国实践，科学归纳和深度解读新一届中央领导集体关于战略思维、历史思维、辩证思维、创新思维、底线思维、法治思维和互联网思维等一系列思维方法论的具体阐述和创新表达，考察其在我党治国理政思想体系中的重要地位和实践价值。丛书注重强调政治性、学术性与可读性的统一，广泛吸收借鉴该研究领域国内最新成果和观点，体现一定的前瞻性、创新性和实践特征。,13,0,0,15,https://wfqqreader-1252317822.image.myqcloud.com/cover/197/27576197/s_27576197.jpg
底线思维,2015-08-01 00:00:00,哲学宗教-思维科学,本套丛书紧扣习近平总书记系列讲话精神及改革开放以来特别是党的十八大以来党的执政治国实践，科学归纳和深度解读新一届中央领导集体关于战略思维、历史思维、辩证思维、创新思维、底线思维、法治思维和互联网思维等一系列思维方法论的具体阐述和创新表达，考察其在我党治国理政思想体系中的重要地位和实践价值。丛书注重强调政治性、学术性与可读性的统一，广泛吸收借鉴该研究领域国内最新成果和观点，体现一定的前瞻性、创新性和实践特征。,11,0,0,13,https://wfqqreader-1252317822.image.myqcloud.com/cover/199/27576199/s_27576199.jpg
1234道逻辑思维训练,2011-06-01 00:00:00,哲学宗教-思维科学,本书是一本专业本少年儿童打造的开发智力的思维类游戏书，书中的每个思维游戏是为全方位训练学生思维专门设计的，涵盖了逻辑学、心理学、概率论和博弈论等多种知识，每个游戏都极具代表性和独创性，内容丰富，难易有度，形式活泼。这些浓缩哈佛大学思维训练精华的游戏，能帮助你快速掌握提高思维能力的有效方法，让你越玩越聪明，越玩越成功。,18,0,0,2.99,https://wfqqreader-1252317822.image.myqcloud.com/cover/795/678795/s_678795.jpg
你的答案有多正确？像数学家一样思考,2022-01-01 00:00:00,哲学宗教-思维科学,数学是一种国际语言，它构成了现今所有生活领域的基础。学了数学，我们才获得了处理数字、图表以及宇宙规则的能力。数学为我们理解周围的环境、为各种现象建模以及预测未来提供了前提。你的答案有多正确？ 数学是我们创造的吗？你可以数到多少？……26个好玩的数学议题构成了这本有趣的指南。本书用轻松易懂的语言回答了一系列与生活相关的数学问题，帮助我们避免受骗、受误导或错过机会。,20,0,0,42.9,https://weread-1258476243.file.myqcloud.com/weread/cover/85/3300019285/s_3300019285.jpg
经典复杂科学：《周易》《论语》《大学》《中庸》的推理和应用,2013-01-01 00:00:00,哲学宗教-思维科学,中华民族三千年来既不是无科学，也不是科学落后，从简单科学到复杂科学的迅速提升过程使得中华民族没有深掘简单科学的潜力，但却使中华民族在物性儒学（复杂科学）中获得长足发展。儒学和中医学的最简单内容与现代物理学的最复杂内容相同，只是术语不同。《周易》、《论语》、《大学》、《中庸》是复杂科学的里程碑，从中理解原汁原味的复杂科学和构造性整合法（整体公理化），才能使社会人文的研究成为天下公器，用之于当代，解决复杂问题。本书是这四部经典与理性方法、组织管理、复杂科学、心性修养的介绍，包括经解、前四个单元（乾坤屯蒙、学为八里、大格致诚、天君中道）的原文、语境、译文、重点提示、重要语词考订、其他单元简介（包括《易经》作为召公日记的全部译文共384天、《论语》后续师生问答共31场及其他语境，等等）、相关知识、当代应用（打通文理，天下主义，中医西医，家庭教育，附录：家庭助推法）。,10,0,0,24.99,https://wfqqreader-1252317822.image.myqcloud.com/cover/289/25058289/s_25058289.jpg
批判性思维初探,2015-03-01 00:00:00,哲学宗教-思维科学,本书研究批判性思维的一系列基本问题，包括批判性思维的界定，批判性思维的多视角理解和共识，批判性思维在21世纪技能和教育使命中的地位，以美国为中心的批判性思维运动，批判性思维的苏格拉底模型及其应用，批判性思维教学法，大学通识教育中的批判性思维，批判性思维评价以及对批判性思维的批判和反批判。,14,0,0,39.99,https://wfqqreader-1252317822.image.myqcloud.com/cover/257/936257/s_936257.jpg
事实与思考,2020-05-01 00:00:00,哲学宗教-思维科学,肖演东，男，1983年生。2007年毕业于深圳大学经济学院，为该学院该年度优秀毕业生。长期致力于经济学、数学、基础科学及哲学领域的研究。2019年8月，本人在知乎网开通了个人专栏，专栏名称为“事实与思考”。,5,0,0,7.99,https://rescdn.qqmail.com/weread/cover/253/3300007253/s_3300007253.jpg
科学与无神论文集,2014-05-01 00:00:00,哲学宗教-思维科学,将无神论作为一个独立的学科构建成型，是我们当前这个国家和这个时代的特殊需要，是必须担当的社会责任。科学研究无禁区，唯真理是从。世界上究竟有鬼神还是无鬼神？我们至少不能误导青年学子。本书内容包括：对邪教的揭露和对人体特异功能的批评，宣扬科学精神；对“文化传教”的审视和“宗教渗透”的关切，以及相关的法律法规问题；以宗教信仰自由为核心的马克思主义宗教理论和宗教问题的探讨。,14,0,0,9.99,https://wfqqreader-1252317822.image.myqcloud.com/cover/615/25017615/s_25017615.jpg
你为什么工作,2006-04-01 00:00:00,哲学宗教-思维科学,《你为什么工作》提出了人一生必须自我反思的关键问题，并对这个问题进行了深刻细致的解答——为公司创造价值，是员工生存的基础，也就是说，你创造的价值决定你的价值。,17,0,0,6.99,https://rescdn.qqmail.com/weread/cover/130/3300007130/s_3300007130.jpg
观沧海 悟人生：大赢家的境界修炼,2006-11-20 00:00:00,哲学宗教-思维科学,感悟大海，就是感悟海魂。海魂是我们的灵魂，是我们的处事哲学，是我们精神的全部，是我们动力的源泉，是我们的生命源头。任何战无不胜的个人、团队、民族乃至国家的唯一保障，就是强化精神凝聚力。海魂是我们每一个想有所成就的个人，不断走向卓越的灵魂之路。人的心路历程只有从大海中去感知。本书以突破自我必藏心中的5大赢家绝学，教我们怎样成功，是一本让生命闪光的灵魂书，给了我们成功的动力源泉和力量。,6,0,0,6.99,https://rescdn.qqmail.com/weread/cover/137/3300007137/s_3300007137.jpg
科学的形上之维：中国近代科学主义的形成与衍化,2018-08-01 00:00:00,哲学宗教-思维科学,本书所作的工作，主要是对中国近代科学主义的历史起源及其多重要论向度作一粗线条的梳理，尽管力图由此揭示其中的内在脉络，有一种回归道德“形上学”的意向，所提出的问题值得中国学术界反思。,14,0,0,30,https://wfqqreader-1252317822.image.myqcloud.com/cover/842/26875842/s_26875842.jpg
生活中的辩证法,2014-09-01 00:00:00,哲学宗教-思维科学,本书以马克思主义唯物辩证法的原理为基础，将其运用于对具体问题的分析和解决上，是作者运用辩证法思维指导实践的理论概括和升华。全书按照专题分为40辑，蕴涵了丰富的哲学智慧和思想方法，既有立场、观点、方法，又覆盖工作、学习、生活诸多方面，是时时处处应用了辩证法，时时处处体现了辩证法。,6,0,0,38,https://weread-1258476243.file.myqcloud.com/weread/cover/15/3300013815/s_3300013815.jpg
人类学的世纪坦言,2004-01-01 00:00:00,哲学宗教-思维科学,本书以中国三代人类学者非正式访谈“口述历史”方式对中国人类学发展进行研究，展示了人类学本土化与中国化的努力、显示了中国人类学在不同地区发展的趋向等。,4,0,0,14.99,https://weread-1258476243.file.myqcloud.com/weread/cover/94/3300015794/s_3300015794.jpg
观念的历险,2013-11-01 00:00:00,哲学宗教-思维科学,《观念的历险》是对文明概念的研究，试图理解文明的存在物是如何起始的。全书始终强调一点，即人类为促进和保持文明而进行的观念历险的重要性。作者在书中熔形上根据、哲学思辨、文明轨迹、历史考察于一炉，缜密谨严、洞见迭出，令人叹为观止。,7,0,0,17.99,https://wfqqreader-1252317822.image.myqcloud.com/cover/490/23796490/s_23796490.jpg
让思维自由,2018-01-01 00:00:00,哲学宗教-思维科学,我们生活在一个充满革命性变化的时代，技术创新和人口增长相互融合，改变着我们的生活和工作方式，为了生存和发展，我们需要采用一种不同于以往的方式衡量自己的能力，并付诸实践。实现这一目标的前提是，我们需要以一种新的方式来经营学校、企业和社会。我们不能用19世纪的教育理念去应对21世纪的挑战，所以我们需要发起一场新的文艺复兴运动，重视不同的智力模式。在不同的学科之间，在教育、商业和大众之间建立一种创造性关系，激发人的潜在创造力，让思维自由！,15,667,0,19.99,https://wfqqreader-1252317822.image.myqcloud.com/cover/342/23691342/s_23691342.jpg
你最想要的记忆魔法书,2017-01-01 00:00:00,哲学宗教-思维科学,大脑皮层、海马体、突触、神经递质，这些大脑组织在记忆活动中扮演着怎样的角色？短期记忆、长期记忆、舌尖现象、门口效应，记忆到底是如何形成的？提要钩玄、二十二遍读书法、SQ3R记忆法，各路名人拥有哪些记忆高招？图像记忆法、联想记忆法、宫殿记忆法，普通人如何提高记忆效率？打开你最想要的记忆魔法书，一起踏上愉悦的记忆之旅吧！,18,0,0,9.99,https://wfqqreader-1252317822.image.myqcloud.com/cover/512/23567512/s_23567512.jpg
工匠精神与工匠精神养成引论,2017-05-01 00:00:00,哲学宗教-思维科学,本书研究的重点是工匠精神，为了更好阐述这个问题，首先在界定工匠精神的结构与内涵基础上探讨工匠及其主要活动涉及的范畴等基本问题，然后分析工匠的创新思维和问题意识养成路径；在此基础上分析现代社会培养工匠精神的主客体关系及其矛盾，以及塑造工匠精神所需环境和价值；最后，分析高等院校培养工匠精神的具体对策。,10,0,0,7.8,https://wfqqreader-1252317822.image.myqcloud.com/cover/650/932650/s_932650.jpg
